sentiment_polarity,absPolarity,Clean tweet,sentiment_subjectivity,tweet,L,and,all,love,just,drunk,is,am,as,at,have,in,go,still,your,for,that,when,to,got,you,was,be,we,do,get,fuck,not,amp,with,he,a,on,last,like,of,up,this,night,the,think,are
0.08,0.083333333,pretty sure I was still drunk when I went to my 8 am class this morning college,0.96,pretty sure I was still drunk when I went to my 8 am class this morning. #college,True,True,False,False,True,False,False,False,False,False,False,False,False,False,True,False,False,False,True,False,False,False,False,False,False,False,False,True,False,False,False,False,False,False,False,False,False,False,False,False,False,False
-0.5,0.5,Maria Im Drunk ,1.0,Maria I'm Drunk üéßüî•,True,False,False,False,False,False,False,False,False,False,False,False,False,False,False,False,False,False,False,False,False,False,True,False,False,False,False,False,False,False,False,False,False,True,False,False,False,True,False,True,False,False
0.0,0.003571429, right I actually looked for them at one point but was too drunk to find themHaha,0.48,"@DreedlesMcGee right? I actually looked for them at one point but was too drunk to find them
Haha.",True,False,False,False,False,False,False,False,False,False,False,False,True,False,False,False,False,False,False,False,False,False,False,False,False,False,False,False,False,False,False,False,True,False,False,True,False,True,False,False,False,False
-0.25,0.25,Possibly still drunk and Im about to take an exam WhatATimeToBeAlive,1.0,"Possibly still drunk and I'm about to take an exam 
#WhatATimeToBeAlive",True,True,False,False,True,False,False,False,False,False,False,False,False,False,False,False,False,False,False,True,False,False,False,False,False,False,False,False,False,False,False,True,False,False,False,False,False,False,False,False,True,False
-0.25,0.25,Fighting back puking in the mall today  initiate step 2 of drunk ,0.5,Fighting back puking in the mall today üôä initiate step 2 of drunk ....,True,False,False,False,False,False,False,False,False,False,False,True,False,False,False,False,True,False,False,False,False,False,False,False,False,False,False,False,True,False,False,False,False,False,True,False,False,True,False,False,False,False
-0.31,0.3125,I think I called everyone in my phone last night Im that drunk asshole Sorry everyone no more drinking for a while,0.64,I think I called everyone in my phone last night. I'm that drunk asshole. Sorry everyone no more drinking for a while,True,False,False,False,False,False,True,False,False,False,False,False,True,False,False,False,True,False,False,False,False,False,True,False,False,False,False,False,False,False,False,False,False,False,False,False,False,False,False,True,False,False
-0.08,0.075, oh I am I really fucking am I was too drunk to do anything last night but today I got time cuhs Lol,0.64,@BIGGMIKE904 oh I am. I really fucking am. I was too drunk to do anything last night but today I got time cuhs. Lol,True,False,False,False,False,False,False,False,False,False,False,False,False,False,False,True,False,False,False,False,False,False,False,False,False,False,False,False,False,False,False,False,False,False,False,False,False,False,False,True,False,False
0.02,0.02,I am ugly drunk but I am uglier soberUghhh i love you louise meets  good effin poet ,0.68,False,True,False,True,False,False,False,False,False,False,False,False,False,False,False,True,False,True,False,True,False,False,False,True,False,False,False,False,True,False,True,False,False,False,False,False,False,False,True,False,True,False,False
-0.25,0.25,Need a big lunchgetting drunk tonight,0.55,Need a big lunch...getting drunk tonight,True,False,False,False,False,False,True,False,False,False,False,False,False,True,False,False,False,False,False,False,False,False,False,False,False,False,False,False,False,False,False,False,False,False,False,False,False,False,False,False,False,False
-0.45,0.45,got drunk as fuck with jakey ,0.8,got drunk as fuck with jakey http://t.co/wfI5A3mNJJ,True,False,False,False,False,False,False,False,False,False,False,False,False,False,False,False,False,False,False,False,False,True,False,False,False,False,False,True,False,False,False,True,False,False,False,False,False,False,False,False,False,False
-0.5,0.5, girl you know I come drunk,1.0,@KallaTheStylist girl you know I come drunk,True,True,False,False,False,False,True,False,False,False,False,True,False,True,False,False,True,False,False,False,False,False,True,False,False,False,False,False,False,False,False,True,False,False,False,False,False,False,False,False,False,False
-0.5,0.5,No matter how drunk I am when I get home I always manage to take my makeup off at night ,1.0,No matter how drunk I am when I get home I always manage to take my makeup off at night üò≠üëåüèΩ,True,False,False,False,False,False,False,False,False,False,False,False,False,False,False,False,False,False,False,False,False,False,False,False,False,False,False,False,False,False,False,False,False,False,True,False,False,False,False,False,False,False
-0.3,0.3,I spent 70 at Phils In case you were wondering just HOW drunk I was  still am,0.55,I spent $70 at Phil's. In case you were wondering just HOW drunk I was / still am,True,False,False,False,False,False,False,False,False,False,False,False,False,False,False,False,False,False,False,False,False,True,False,False,False,False,False,False,False,False,False,False,False,False,False,False,False,True,False,False,False,False
-0.27,0.273611111,i AM SO SORRY if you think using i was drunk as an excuse for fucking up is an okay thing to do it must be hard to be so stupid ,0.68,"i AM SO SORRY if you think using ""i was drunk"" as an excuse for fucking up is an okay thing to do  it must be hard to be so stupid : (",True,False,True,False,False,False,False,False,False,False,False,False,True,False,False,False,False,True,True,False,True,False,True,True,False,False,False,False,False,False,False,False,False,False,False,True,False,False,False,True,False,False
-0.5,0.5,Already kinda drunk,1.0,Already kinda drunk,True,True,False,False,False,False,False,False,False,False,False,False,False,False,False,False,False,False,True,False,False,False,False,False,False,False,False,False,False,True,False,False,False,False,False,False,False,False,False,False,False,False
-0.5,0.5,Hey Maria Im drunk,1.0,Hey Maria I'm drunk,True,False,False,False,False,False,False,False,False,False,False,False,False,False,False,False,True,False,False,False,False,False,False,False,False,False,False,False,False,False,False,False,False,False,False,False,False,False,False,False,False,False
0.06,0.06,This waitress was showing me the receipt last night and the whole time I was thinking god damn Im soo drunk I cant read shit lol,0.59,"This waitress was showing me the receipt last night and the whole time I was thinking ""god damn I'm soo drunk I can't read shit"" lol",True,False,False,False,True,False,False,False,False,False,False,False,False,False,False,False,False,False,False,True,False,False,False,False,False,False,False,False,False,False,False,False,False,False,False,False,False,False,False,False,False,False
-0.25,0.25,wish I was still drunk off last nights beer,0.53,wish I was still drunk off last nights beer,True,False,False,False,False,False,False,False,False,False,False,False,False,False,False,False,True,False,False,False,False,False,False,False,False,False,True,False,False,False,False,False,False,False,False,False,False,False,False,False,False,False
-0.5,0.5,  considering I was drunk at 7pm on a Tuesday I dont think I am  haaaaaalppppppppp,1.0,@gypsyinthewest @maynachum considering I was drunk at 7pm on a Tuesday  I don't think I am üò≠ haaaaaalppppppppp,True,False,False,False,False,False,False,False,False,False,False,False,False,False,False,False,False,False,True,False,False,True,False,False,False,False,False,False,False,False,True,False,False,False,False,True,False,False,False,True,False,False
-0.43,0.433333333,I remember I was drunk on Twitter telling my followers to follow me on Twitter that shit was crazy cause somebody unfollowed me then,0.9,I remember I was drunk on Twitter telling my followers to follow me on Twitter  that shit was crazy cause somebody unfollowed me then,True,False,False,False,False,False,False,False,False,False,False,False,False,False,False,False,False,False,False,True,False,False,False,False,False,False,False,False,False,False,False,True,False,False,False,False,False,False,False,False,False,False
0.0,0.0, lets get drunk and everything will be ok Just invite me please,0.75,@NiallOfficial let's get drunk and everything will be ok. Just invite me  please.,True,False,False,False,True,False,False,False,True,False,False,False,False,True,False,False,False,False,True,False,False,False,True,False,False,False,False,False,False,False,False,False,False,False,False,False,False,False,False,False,False,False
0.0,0.0,Love getting so drunk on pre drinks that I throw up all over my bathroom and pass out before Ive even left to go out,0.53,Love getting so drunk on pre drinks that I throw up all over my bathroom and pass out before I've even left to go out,True,False,False,False,False,False,False,False,False,False,False,False,False,False,False,False,True,True,False,False,False,True,False,False,False,False,False,False,False,False,False,False,False,False,True,True,False,False,False,False,False,False
0.16,0.15555555599999998,All you need is Crown Maybe some cococola But seriously every tipsydrunk moment Ive had in the last 2 years involves Crown lol,0.48,All you need is Crown. Maybe some coco-cola. But seriously every tipsy/drunk moment I've had in the last 2 years involves Crown lol,True,True,False,False,True,False,False,False,False,False,False,False,False,False,False,False,False,False,False,False,False,False,False,False,False,True,False,False,False,False,False,False,False,False,True,False,False,True,False,False,False,False
-0.08,0.083333333, I was drunk at 2 am and only watched the first 15 minutes and was not entertained,0.78,@frylock7 I was drunk at 2 am and only watched the first 15 minutes and was not entertained,True,True,False,False,False,False,False,False,False,False,False,False,False,False,False,False,False,False,False,False,False,False,False,False,False,False,False,False,False,False,False,True,False,False,False,False,False,False,False,False,False,False
-0.02,0.01875,Lol I was a little drunk when this all happened and I am giving little bit update I dont even know what is happening all I know is infinity,0.68,Lol I was a little drunk when this all happened and I am giving little bit update I don't even know what is happening all I know is infinity,True,False,False,False,False,False,False,False,False,False,False,False,False,False,False,True,False,False,True,False,False,True,False,False,False,True,False,False,False,False,False,False,False,False,False,False,False,True,False,False,True,False
-0.5,0.5, food  callum just reminded me of the time i ate a pizza off the floor drunk and now Im deceased,1.0,{ food } callum just reminded me of the time i ate a pizza off the floor drunk and now I'm deceased,True,True,False,False,False,False,False,True,False,False,False,False,False,False,False,False,False,False,True,False,False,False,True,False,True,False,False,False,False,False,False,False,False,True,True,False,False,False,False,True,False,False
0.0,0.0,when you call your parents drunk and then your phone dies gotta love them tho ,0.8,when you call your parents drunk and then your phone dies.... gotta love them tho http://t.co/ZI8NoxNpcV,True,True,False,False,False,False,False,False,False,False,False,False,True,False,False,False,False,False,True,False,False,False,False,False,False,True,False,False,False,False,False,False,False,False,False,False,False,False,False,False,False,True
-0.33,0.333333333,Steve and I got way drunk last night Why Because we didnt eat Go us Still drunk today Not how I wanted to spend Wednesday,0.69,Steve and I got way drunk last night. Why? Because we didn't eat. Go us. Still drunk today. Not how I wanted to spend Wednesday.,True,True,False,False,False,False,False,True,False,False,False,False,False,False,False,False,False,True,False,False,True,True,False,False,False,False,False,False,False,False,False,False,False,False,False,False,False,False,False,False,False,False
0.07,0.066666667,Its brewfest in WoW and I was also in queue for heroics I am 100 blurry screened drunk and I cant see shite ayy lmao,1.0,It's brewfest in WoW and I was also in queue for heroics. I am 100% blurry screened drunk and I can't see shite. ayy lmao,True,False,False,False,False,False,False,False,False,False,False,False,False,False,False,False,False,False,False,False,False,False,True,False,False,False,False,False,False,False,False,False,False,False,False,False,False,False,False,False,False,False
-0.27,0.275, its tomorrow biiiiih I was stupid drunk last night but thanks boo ,0.57,@xaalexisk its tomorrow biiiiih I was stupid drunk last night  but thanks boo üò©üò©üòÇüôèüèºüôèüèº,True,True,False,False,False,False,False,False,False,False,True,False,False,False,False,False,False,False,False,False,False,True,False,False,False,False,False,False,False,False,False,False,True,False,False,False,False,False,False,False,False,False
0.13,0.125,I was literally drunk for 95 of second year and idk who I am anymore lol its probably an improvement really isnt it,0.47,I was literally drunk for 95% of second year and idk who I am anymore lol it's probably an improvement really isn't it,True,False,False,False,False,False,False,False,False,False,False,False,False,False,False,True,False,False,False,False,False,False,False,False,False,False,False,False,False,False,False,True,False,False,True,False,False,False,False,False,False,False
-0.5,0.5,My drunk ass ,1.0,My drunk ass http://t.co/qyQGok9RhW,True,False,False,False,False,False,False,False,False,False,False,False,False,False,False,False,False,False,False,False,False,False,False,False,False,False,False,False,False,False,False,False,False,False,False,False,False,False,False,False,False,False
-0.5,0.5,I am drunk and lost and sad and surrounded by freshers I wish this was London,1.0,I am drunk and lost and sad and surrounded by freshers I wish this was London,True,False,False,False,False,False,True,False,False,False,False,False,False,False,False,True,True,True,True,False,False,True,False,False,False,True,False,False,False,False,False,False,False,False,False,False,False,False,False,False,False,False
-0.5,0.5,Woke up still drunk af,1.0,Woke up still drunk af,True,False,False,False,False,False,False,False,False,False,False,False,False,False,False,False,False,False,False,False,False,False,False,False,False,False,False,False,False,False,False,False,True,False,False,False,False,False,False,False,False,False
-0.13,0.125,Ive just been asked what Im being for Halloween and my exact response was drunk,0.63,I've just been asked what I'm being for Halloween and my exact response was drunk,True,False,False,False,False,False,False,False,False,False,False,False,False,False,False,False,False,False,True,False,False,False,True,False,False,False,False,True,False,False,False,False,False,False,False,False,False,False,False,False,False,False
-0.5,0.5,jenny if the question was what am I Id have to say drunk,1.0,@ginny_jenny if the question was what am I  I'd have to say drunk,True,False,False,False,False,False,False,False,False,False,False,False,False,False,False,False,False,False,False,False,False,True,False,False,False,False,False,False,False,False,False,True,False,False,False,False,False,False,False,False,False,False
-0.18,0.185,all my friends appear to still be drunk and Im very sober with a migraine,0.63,all my friends appear to still be drunk and I'm very sober with a migraine,True,False,False,False,False,False,True,False,False,False,False,True,False,False,False,False,False,False,False,False,False,False,False,False,False,False,False,False,False,False,False,False,False,False,False,False,False,False,False,False,False,False
-0.5,0.5,Im getting drunk tonight Idc,1.0,I'm getting drunk tonight Idc,True,False,False,False,False,False,False,False,False,False,False,False,False,False,False,False,False,False,False,False,False,False,False,False,False,False,False,False,False,False,False,True,False,False,False,False,False,False,False,False,False,False
-0.3,0.3,Ben didnt think I was that drunk last night Poor him,0.56,"Ben didn't think I was that drunk last night üòÇüòÇüòÇ
Poor him",True,False,False,False,False,False,False,False,False,False,False,True,False,False,False,False,False,False,False,False,False,False,False,False,False,False,False,False,False,False,False,False,False,False,False,False,False,False,False,False,False,False
-0.25,0.25,Yo I was drunk asf last nigh,0.53,Yo I was drunk asf last nigh,True,False,False,False,False,False,False,False,False,False,False,True,False,False,False,False,True,True,False,False,False,True,False,False,False,False,False,False,False,False,False,False,False,False,True,False,False,False,False,False,False,False
-0.25,0.25,This is Kabukich Where we went to see Robot Restaurant and got drunk with my chinese friend Yungyung ,0.5,This is Kabukich≈ç. Where we went to see Robot Restaurant and got drunk with my chinese friend  Yung-yung. http://t.co/V537mVrb1j,True,False,False,False,False,False,False,False,False,False,False,False,False,False,False,False,False,False,False,False,False,False,False,False,False,False,False,False,False,False,False,False,False,False,False,False,False,False,False,False,False,False
0.08,0.083333333,When I enrolled last year I was in the exact same position as what I am now  still drunkhungover ,0.15,When I enrolled last year I was in the exact same position as what I am now üòÇüòÇ still drunk/hungover üëÄ,True,False,False,False,True,False,False,False,False,False,False,False,False,False,False,False,False,False,False,False,False,False,False,False,False,False,False,False,False,False,False,True,False,False,False,False,False,False,False,False,False,False
-0.27,0.26666666699999997,Last Saturday I made my sister late for work bc I was supposed to babysit but I was too drunk to wake up Said I was never drinkin again,0.56,Last Saturday I made my sister late for work bc I was supposed to babysit but I was too drunk to wake up. Said I was never drinkin again..,True,False,False,False,False,False,False,False,False,False,False,False,False,False,False,False,False,False,False,False,False,False,False,False,False,False,False,False,False,False,False,False,False,False,False,False,False,False,False,False,False,False
-0.5,0.5,09154812939  call me ngayon lang totalk to me while im drunk ,1.0,09154812939 - call me!üòÅ ngayon lang to..talk to me while i'm drunk üòÅ,True,False,False,False,False,False,False,False,False,False,False,False,False,False,False,False,False,False,False,False,False,False,True,False,False,False,False,False,False,False,False,False,False,False,False,False,False,False,False,False,False,False
0.11,0.112121212,Drunk nights with good friends are what I live for,0.7,Drunk nights with good friends are what I live for,True,False,False,False,False,False,True,False,False,False,False,False,False,False,False,False,True,False,False,False,False,False,False,False,False,False,False,False,False,False,False,False,False,False,False,False,False,False,False,True,False,False
-0.5,0.5,Woke up drunk,1.0,Woke up drunk,True,False,False,False,False,False,False,False,False,False,False,True,False,False,False,False,False,False,False,False,False,False,False,False,False,False,False,False,False,False,False,False,False,False,True,False,False,False,False,False,False,False
-0.5,0.5,Andy   I already issued a disclaimer on week two that I was drunk when I made that prediction Drunk on optimism,1.0,@STV_Andy @krys1888 @STVGrant I already issued a disclaimer on week two that I was drunk when I made that prediction. (Drunk on optimism).,True,False,False,False,False,False,False,False,False,False,False,False,False,False,False,False,True,False,False,False,False,False,False,False,False,False,False,False,False,False,False,False,False,False,True,False,False,False,False,False,False,False
-0.38,0.375,taking this test still drunk as usual,0.63,taking this test still drunk as usual,True,False,False,False,False,False,False,False,False,False,False,False,False,False,False,False,False,False,False,False,False,False,False,False,False,False,False,False,False,False,False,False,False,False,False,False,False,False,False,False,True,False
-0.14,0.135185185,Todays the first day of fall as in falling down drunk cause its club season again ,0.54,Today's the first day of fall  as in falling down drunk  cause it's club season again üòÄ,True,False,True,False,False,False,False,False,False,False,False,False,False,False,False,False,True,False,False,False,True,False,False,False,False,False,False,False,False,False,False,False,False,False,False,False,False,False,False,False,False,False
-0.57,0.566666667,no matter how much shit youre in you never leave a drunk friend alone out i am disgusted by how i was treated by my friend,0.93,no matter how much shit yo're in. you never leave a drunk friend alone out. i am disgusted by how i was treated by my 'friend',True,False,False,False,False,False,False,False,False,False,False,False,False,False,False,False,False,False,False,False,False,False,False,False,False,False,False,False,False,False,False,False,False,False,False,False,False,False,False,False,False,False
-0.5,0.5,Its been 4 hours and Im still drunk,1.0,It's been 4 hours and I'm still drunk,True,True,False,False,False,False,False,False,False,False,False,False,False,False,False,False,False,False,False,False,False,False,False,False,False,False,False,False,False,False,False,False,False,False,False,True,False,False,False,False,False,False
-0.5,0.5, okaaaaay lets get drunk tonighttttt,1.0,@HOSHlTERU okaaaaay lets get drunk tonighttttt,True,False,False,False,False,False,False,False,False,False,False,False,False,False,False,False,False,False,False,False,True,False,False,False,False,False,False,False,False,False,False,False,False,False,False,False,False,False,False,False,False,False
-0.23,0.233333333,When youre not yet at the hangover stage because youre really still drunk fuck,0.6,When yo're not yet at the hangover stage because yo're really still drunk... #fuck,True,False,False,False,False,False,False,False,False,False,False,False,False,False,False,False,False,False,False,False,False,False,False,False,False,False,False,False,False,False,False,False,False,False,False,False,False,False,False,False,False,False
-0.53,0.533333333,Never experienced anything so painful as being drunk and my contacts ripping in my eye yummy,0.93,Never experienced anything so painful as being drunk and my contacts ripping in my eye yummy,True,False,False,False,False,False,False,False,False,True,False,False,False,False,False,False,False,False,False,False,False,False,False,False,False,False,False,False,False,False,False,False,False,False,False,False,False,False,False,False,False,False
-0.11,0.108333333,Wholia yo I was drunk off my ass in McDonalds and some guy came in on some and apparently they make adult sizes,0.55,@Whos_Wholia yo I was drunk off my ass in McDonald's and some guy came in on some and apparently they make adult sizes!,True,True,False,False,False,False,False,False,False,False,False,False,False,False,False,False,False,False,False,False,False,False,False,False,False,False,False,False,False,False,False,False,False,False,False,False,False,False,False,False,False,False
-0.25,0.25,If I took a shot for every time someone told me I was too tiny for my job Id be drunk at work every day,0.75,If I took a shot for every time someone told me I was too tiny for my job I'd be drunk at work every day,True,False,False,False,False,False,True,False,False,False,False,False,False,False,False,False,False,False,False,False,False,False,False,False,False,False,False,False,False,False,False,False,False,False,False,False,False,False,False,False,False,False
-0.55,0.55,Fucking 98 yr pub staff i lose drinking so drunk,0.9,Fucking 98 yr pub staff  i lose drinkingüç∫  so drunk,True,False,False,False,False,False,False,False,False,False,False,False,False,False,False,False,False,False,False,False,False,False,False,False,False,False,False,False,False,False,False,False,False,False,False,False,False,False,False,False,False,False
-0.5,0.5,I swear coffee and energy drinks dont work for me I just drunk a frapp and Im still so tired,1.0,I swear coffee and energy drinks don't work for meüò´ I just drunk a frapp√© and I'm still so tiredüòï,True,False,False,False,True,False,False,False,False,False,False,False,False,False,False,False,False,False,False,False,False,True,True,False,False,False,False,False,False,False,False,True,False,False,False,False,False,False,False,True,False,False
-0.33,0.327777778,the way I slowed Down drinking I just dont be wanting to get that drunk,0.64,the way I slowed Down drinking... I just don't be wanting to get that drunk...,True,False,True,False,False,False,False,False,False,False,False,False,False,False,False,False,False,False,True,False,False,True,False,False,False,True,False,False,False,False,False,True,False,False,False,False,False,False,False,True,False,False
-0.5,0.5,    something about me and sports when Im blackout drunk,1.0,@NoahMoore12 @TylerDiDonato @ShaneDiDonato23 @KyleKathan3 something about me and sports when I'm blackout drunk,True,False,False,False,False,False,True,False,False,False,False,False,False,False,False,False,False,False,False,False,False,False,False,False,False,False,False,False,False,False,False,False,False,False,False,False,False,False,False,False,False,False
-0.5,0.5,  YESTERDAY sorry Im drunk,1.0,@focusonmeeks * YESTERDAY sorry I'm drunk,True,False,False,False,False,False,False,False,False,False,False,False,False,False,False,True,False,False,True,False,False,False,False,False,False,False,False,False,False,False,False,False,True,False,False,False,False,False,False,False,False,False
-0.5,0.5,And get drunk  get tf outa here bitch ,1.0,And get drunk üòÇ get tf outa here bitch .,True,True,False,False,False,False,False,False,False,False,False,False,True,False,True,False,False,True,True,False,True,False,False,False,False,False,False,False,False,False,False,False,False,False,False,False,False,False,False,True,False,False
-0.33,0.327777778,One time I got so drunk at Kelseys school I sat down on the floor at a party and cried about wanting a burrito and a root beer,0.64,One time I got so drunk at Kelsey's school I sat down on the floor at a party and cried about wanting a burrito and a root beer.,True,False,False,False,False,False,False,False,False,False,False,False,False,True,False,False,True,False,False,False,False,False,True,False,False,False,False,False,False,False,False,False,False,False,False,False,False,False,False,True,False,True
-0.5,0.5,My head hurts and I think Im still drunk,1.0,My head hurts and I think I'm still drunk,True,False,False,True,False,False,False,False,False,False,False,False,False,False,False,False,False,False,False,False,False,False,False,False,False,False,False,False,False,False,False,False,False,False,False,False,False,False,False,False,False,False
-0.25,0.25,xo possibly BYOB but Ill be drunk regardless Yall can all stay the night and we can be femaley together,1.0,@ketlun_xo possibly. BYOB but I'll be drunk regardless. Y'all can all stay the night and we can be femaley together,True,False,False,False,False,False,False,False,False,False,False,True,False,False,False,False,False,False,True,False,False,True,False,False,False,False,False,False,False,False,False,True,False,False,False,False,False,False,False,True,False,False
-0.5,0.5,i think nobody except jaime will entertain me when im drunk ,1.0,i think nobody except jaime will entertain me when im drunk üòÇ,True,False,False,False,False,False,False,False,False,False,False,False,False,False,False,False,False,False,False,False,False,False,False,False,False,False,False,False,False,False,False,False,False,False,False,False,False,False,False,False,False,False
-0.25,0.25,Regret getting so drunk last night I have 0 concentration,0.53,Regret getting so drunk last night  I have 0% concentration,True,True,False,False,False,False,False,False,False,False,False,False,False,False,False,False,False,False,True,False,False,False,False,False,False,True,False,False,False,False,False,True,False,False,False,False,False,False,False,False,False,False
0.15,0.15,Drunk textingtalking lol,0.85,Drunk texting/talking lol,True,False,False,False,False,False,False,True,False,False,False,False,False,False,False,False,False,False,False,False,False,False,False,False,False,False,False,True,False,False,False,False,False,False,False,False,False,True,False,False,False,False
-0.11,0.107142857,Drunk me needs to learn not to text Am I right   ,0.77,Drunk me needs to learn not to text. Am I right  @NateBailey968 ?? üòÇüòÇ,True,False,False,False,True,False,True,False,False,False,False,False,False,False,False,False,False,False,False,False,False,False,False,False,False,False,False,False,False,False,False,False,False,False,False,False,False,False,False,False,False,False
0.16,0.162121212, wow I never drunk tweet mustve reached a new level,0.82,@colparkerrr wow I never drunk tweet  must've reached a new levelüëæ,True,False,False,False,False,False,True,False,False,False,False,False,False,False,False,False,False,False,False,False,False,False,False,False,False,False,False,False,False,False,False,False,False,False,False,False,False,False,False,False,False,False
-0.5,0.5,this week has been a disaster for me so I cant wait to get drunk on Saturday ,1.0,this week has been a disaster for me so I can't wait to get drunk on Saturday üòäüòäüòäüòä,True,True,False,False,False,False,False,False,False,False,True,False,False,False,False,False,False,False,False,False,False,False,False,False,False,False,False,False,False,False,False,True,False,False,False,False,False,False,False,False,False,False
-0.6,0.6, Every drunk dialtextsex or bad decision made under the influence will be in your name Scouts honour ,0.83,@Keguro_ Every drunk dial/text/sex or bad decision made under the influence  will be in your name. Scout's honour. @SinoxoloMusangi,True,True,False,False,False,False,False,False,False,False,False,False,False,False,False,False,False,False,False,False,False,False,False,False,False,False,False,False,False,False,False,False,False,False,False,False,False,False,False,True,False,False
-0.28,0.28,Havent had a lick of alcohol But Im drunk Ask me if I care at all Im high on life Flying like a kite Im drunk  ,0.85,Haven't had a lick of alcohol But I'm drunk  Ask me if I care at all Im high on life Flying like a kite  I'm drunk üåÄ http://t.co/LpY6YntjmI,True,False,False,False,False,False,False,False,False,False,False,False,False,False,False,False,False,False,True,False,True,False,False,False,False,False,False,False,False,False,False,False,False,False,False,False,False,False,False,False,True,False
-0.5,0.5,My Riha Im drunk ,1.0,My Riha I'm drunk @rihanna,True,False,False,False,False,False,True,False,False,False,False,False,False,False,False,False,True,False,False,False,False,False,False,False,False,False,False,False,False,False,False,False,False,False,False,False,False,False,False,False,False,False
-0.37,0.36666666700000006, Hahahaha Im so raging I hate drunk me ,0.8,@mchendryrobyn Hahahaha I'm so raging I hate drunk me üò©,True,True,False,False,False,False,False,False,False,False,False,False,False,False,False,True,False,False,False,False,False,False,False,False,False,False,False,False,False,False,False,False,False,False,False,False,False,False,False,False,False,False
-0.5,0.5,Didnt think I was this drunk,1.0,Didn't think I was this drunk,True,True,False,False,False,False,False,False,False,False,True,False,False,True,False,False,False,False,True,False,False,False,False,False,False,True,False,False,False,False,False,False,False,False,False,False,False,False,False,False,False,False
-0.15,0.15, Headed straight for drunk tank rehab,0.7,@rollcall Headed straight for drunk tank rehab.,True,True,False,False,False,False,False,False,False,False,False,False,False,False,False,False,True,False,True,True,False,False,True,False,False,False,False,False,False,False,False,False,False,False,False,False,False,False,False,False,False,False
-0.15,0.15,So ready to get drunk tonight Wednesday with rugby I have missed you,0.75,So ready to get drunk tonight  Wednesday with rugby I have missed youüíÅüôà,True,False,False,False,False,False,False,False,False,False,False,True,False,False,False,False,True,False,True,False,False,True,False,False,False,False,False,False,True,False,False,False,False,False,False,False,False,False,False,False,False,False
-0.34,0.34166666700000003,Getting almost black out drunk the night before work was such a bad decision I am dying,0.65,Getting almost black out drunk the night before work was such a bad decision. I am dying.,True,True,False,False,False,False,False,False,False,False,False,False,False,False,False,False,True,False,False,False,False,False,False,False,False,False,False,False,False,True,False,False,False,False,False,False,False,False,False,True,False,False
-0.18,0.18095238100000002,I am really really sad and feel hella stupid Whatever At least I was able to get super drunk with Caitlin last night and watch the PPV,0.68,I am really  really sad and feel hella stupid. Whatever. At least I was able to get super drunk with Caitlin last night and watch the PPV.,True,False,False,False,False,False,False,False,False,False,False,False,False,False,True,False,False,False,False,False,False,False,False,False,False,False,False,True,False,False,False,False,False,False,False,False,False,False,False,False,False,False
-0.35,0.35,Im drunk as shit,0.9,I'm drunk as shit,True,False,False,False,False,False,False,False,False,False,False,False,False,False,False,True,False,False,False,False,False,True,False,True,False,False,False,False,False,False,False,False,False,False,False,False,False,False,False,False,False,False
-0.23,0.225, last time I was drunk I tried to crowd surf you and dropped you omg I am a mess,0.41,@axxidentalbands last time I was drunk I tried to crowd surf you and dropped you omg I am a mess,True,False,False,False,True,False,False,False,False,False,False,False,True,False,False,False,False,True,True,False,False,True,False,False,False,False,False,False,True,False,False,True,False,False,False,False,False,False,False,False,False,False
0.1,0.1,I get paid to get drunk and make sure I have a fresh haircut every Monday ,0.8,I get paid to get drunk and make sure I have a fresh haircut every Monday üòÇ,True,True,False,False,False,False,False,False,False,False,False,True,False,False,False,False,True,False,False,False,False,False,False,False,False,False,False,False,False,False,False,False,False,False,False,False,False,False,False,False,False,False
-0.98,0.9765625,I cant wait to let lose and get drunk With my fellow Alumni I miss Florida,1.0,I can't wait to let lose and get drunk. With my fellow Alumni. I miss Florida!!!,True,True,False,False,False,False,False,False,False,False,False,False,False,False,False,False,False,False,True,False,False,False,False,False,False,False,False,False,False,False,False,False,True,False,False,False,False,True,False,False,False,False
-0.25,0.25,Daily goals1 Go to Work2 Piss of the boss3 Get drunk4 Repeat,0.5,"Daily goals:

1) Go to Work
2) Piss of the boss
3) Get drunk
4) Repeat",True,False,False,False,False,False,False,False,False,False,False,False,True,False,False,False,False,False,True,False,False,False,False,False,False,True,False,False,False,False,False,False,False,False,False,False,False,False,False,False,False,True
-0.5,0.5,Its not even 9 and Im drunk,1.0,It's not even 9 and I'm drunk,True,False,False,False,True,False,False,False,False,False,False,False,False,False,False,False,False,False,False,False,False,False,False,False,False,False,False,False,False,False,False,False,False,False,False,False,False,False,False,False,False,False
-0.5,0.5,i still havent done any work yet all i do is get drunk,1.0,i still haven't done any work yet all i do is get drunk,True,True,False,False,False,False,False,False,False,False,False,False,False,False,False,False,False,False,False,False,False,False,False,False,False,False,False,False,False,False,False,False,False,False,False,False,False,False,False,False,False,False
-0.5,0.5,  230 AM drunk in NYC and I needed something to eat and you know who was there for me when others werent Taco Bell,1.0,@VRP723 @ccaarrllooss 230 AM drunk in NYC and I needed something to eat  and you know who was there for me when others weren't? Taco Bell,True,False,False,False,False,False,False,False,False,False,False,False,False,False,False,False,False,False,True,False,False,False,False,False,False,False,False,False,False,False,False,False,False,False,False,False,False,True,False,False,False,False
-0.5,0.5, sad thing is Im not even drunk yet ,1.0,@hoodielouis sad thing is I'm not even drunk yet üòÖüçª,True,False,False,False,False,False,False,False,False,False,False,False,False,False,False,False,True,True,False,False,False,True,False,False,False,False,False,False,False,False,False,False,False,False,False,False,False,False,False,True,False,False
-0.25,0.25,Tell me why I left a party at 1 am drunk thirty minutes away just because all I could think about was your ass,0.5,Tell me why I left a party at 1 am drunk  thirty minutes away  just because all I could think about was your ass...,True,True,False,False,False,False,True,False,False,False,False,False,False,False,False,False,False,False,False,False,True,False,False,False,False,False,False,False,False,False,False,False,False,False,False,False,False,False,False,False,False,False
-0.56,0.5625,Im mad drunk,1.0,I'm mad drunk,True,False,False,False,False,False,False,False,False,False,False,False,False,False,False,False,False,False,False,False,False,False,False,False,False,True,False,False,False,False,False,False,False,False,False,False,False,False,False,False,False,False
-0.35,0.35,I think drunk mode apps need to be invented for everyday conversations with me,0.8,I think drunk mode apps need to be invented for everyday conversations with me,True,False,False,False,False,False,False,False,True,False,False,False,False,False,False,False,False,False,False,False,False,True,False,False,False,False,False,False,False,False,False,True,False,False,True,False,False,False,False,False,False,False
-0.25,0.25,Waking up still drunk the next morning ltltlt,0.5,Waking up still drunk the next morning. &lt;&lt;&lt;,True,True,False,False,False,False,False,False,False,False,False,False,False,True,False,False,False,False,False,False,False,False,False,False,False,False,False,False,False,False,False,False,False,False,True,False,False,False,False,False,False,False
0.1,0.1,Another manager is here and we open in 15 and here I amstill drunk LOL,0.73,Another manager is here and we open in 15 and here I am..still drunk LOL,True,False,False,False,False,False,False,False,False,False,True,False,False,False,False,False,False,False,True,False,True,False,False,False,False,False,False,False,False,False,False,True,False,False,False,False,False,False,False,False,False,False
-0.5,0.5,Why do I feel the need to text people when Im drunk,1.0,Why do I feel the need to text people when I'm drunk,True,False,False,False,False,False,False,False,False,True,False,False,False,False,True,False,False,False,False,False,False,False,False,False,False,False,False,False,False,False,False,True,False,False,False,False,False,False,False,True,False,False
-0.5,0.5,I Was So Drunk Lastnight,1.0,I Was So Drunk LastnightüòÇ,True,False,False,False,False,False,False,False,False,False,False,False,False,False,False,False,False,False,False,False,False,False,False,False,False,False,False,False,False,False,False,False,False,False,True,False,False,False,False,False,False,False
-0.5,0.5,Every time I get drunk I feel the need to give everyone death stoppp freya,1.0,Every time I get drunk I feel the need to give everyone death  stoppp freya,True,False,False,False,False,False,False,False,False,False,False,False,False,False,False,False,True,False,False,False,False,False,True,False,False,False,False,False,False,False,False,True,False,False,False,False,False,False,False,False,False,False
0.05,0.05,Bass48 I passed out lmao too drunk,1.0,@Sea_Bass48 I passed out lmao too drunk,True,False,False,False,False,False,False,False,False,False,False,False,True,False,False,False,False,False,True,False,False,False,True,False,False,False,False,False,False,False,False,False,False,False,True,False,False,False,False,False,False,False
-0.55,0.55,wake up drunk go to sleep fucked up,0.85,wake up drunk go to sleep fucked up,True,False,False,False,False,False,False,False,False,False,False,False,False,False,False,False,False,False,False,False,False,False,True,False,False,False,False,False,False,False,False,False,False,False,False,False,False,False,False,False,False,False
-0.3,0.3,Damn I was drunk as fuck last night ,0.56,Damn I was drunk as fuck last night üò≥,True,False,False,False,False,False,False,False,False,False,False,False,False,False,False,False,False,False,False,False,False,False,False,False,False,False,False,False,False,False,False,False,False,False,False,False,False,False,False,False,False,False
-0.15,0.15333333300000002,Sorry Im just clearing out my drafts folder which seems to be filled entirely with jokes Ive half written while drunk,0.74,Sorry I'm just clearing out my drafts folder which seems to be filled entirely with jokes I've half written while drunk.,True,False,False,False,False,False,False,False,False,True,True,False,False,False,True,False,False,False,False,False,False,False,False,False,True,False,False,False,False,False,False,False,False,False,False,False,False,False,False,False,False,False
-0.18,0.182142857,if i took a shot for every selfie stick within 50 feet of me i would be very drunk in times square right now,0.77,if i took a shot for every selfie stick within 50 feet of me i would be very drunk in times square right now,True,False,False,False,False,False,False,False,False,True,False,True,False,False,False,False,True,False,True,False,False,False,True,False,True,False,False,False,False,False,False,False,False,False,False,False,False,False,False,False,False,False
-0.16,0.1625,College is cool because youre never the only one drunk on a random week day,0.79,College is cool because yo're never the only one drunk on a random week day,True,False,False,False,False,False,False,False,False,False,False,False,False,False,False,False,False,False,False,False,False,False,False,False,False,False,False,False,False,False,False,False,False,False,False,False,False,False,False,False,False,False
-0.5,0.5, alot of us were drunk,1.0,@NadineGhattas alot of us were drunk,True,False,False,False,False,False,False,False,False,False,False,False,False,False,False,False,False,False,False,False,False,False,False,False,False,False,False,False,False,False,False,False,False,False,False,False,False,False,False,False,False,False
-0.36,0.35714285700000004,Im 30 amp my what I did at the weekend response is still I got blind drunk amp binged watched Netflix all without eating a single vegetable,0.63,"I'm 30 &amp; my what I did at the weekend response is still ""I got blind drunk &amp; binged watched Netflix  all without eating a single vegetable""",True,False,False,False,False,False,False,False,False,False,False,False,False,True,False,False,False,False,False,False,False,False,False,False,False,False,False,False,False,False,False,False,False,False,False,False,False,False,False,False,False,False
-0.5,0.5, thats what I did  I drunk it for like a hour before I went to take it ,1.0,@GoldBxllet that's what I did . I drunk it for like a hour before I went to take it .,True,True,False,False,True,False,True,False,False,False,False,False,False,False,False,False,True,False,False,False,False,False,False,False,False,False,False,False,False,False,False,False,False,False,False,False,False,False,False,False,False,False
-0.2,0.2, also I was clearly drunk because I would never drink that beer sober Not even for thunderstruck,0.6,@valarmorghvlis_ also I was clearly drunk because I would never drink that beer sober. Not even for thunderstruck.,True,False,False,False,False,False,False,False,False,False,False,False,False,False,False,False,False,False,True,False,True,False,False,False,False,False,False,False,False,False,False,False,False,False,False,False,False,False,False,True,False,False
-0.5,0.5,Damn I Was Truly Drunk Out Of My Mind,1.0,Damn I Was Truly Drunk Out Of My Mind,True,False,False,False,False,False,False,False,False,False,False,False,False,False,False,False,False,False,False,False,False,False,False,False,False,False,False,False,True,False,False,False,False,False,False,False,False,False,False,False,False,False
0.12,0.11666666699999999,if you want to get an idea of the kind of person i am i was drunk the first time i watched terminator 2 and i cried when arnold died,0.74,if you want to get an idea of the kind of person i am  i was drunk the first time i watched terminator 2 and i cried when arnold died,True,False,False,False,False,False,False,False,False,False,False,False,False,False,False,False,False,False,False,False,False,False,False,False,False,False,False,False,False,False,False,False,False,False,False,False,False,False,False,False,False,False
-0.5,0.5,I was drunk af yesterday to the point I didnt think I could drink today but here I am drink in hand ,1.0,I was drunk af yesterday to the point I didn't think I could drink today  but here I am  drink in hand üòÇ,True,False,False,False,False,False,False,False,False,False,False,False,False,False,False,False,False,False,False,False,False,False,False,False,False,False,False,False,False,False,False,False,False,False,False,False,False,False,False,False,False,False
0.0,0.0,3 hours into Fionas birthday we are both quite drunk and watching buzzfeed videos so yeah you could say its going better than last year,0.52,3 hours into Fiona‚Äôs birthday we are both quite drunk and watching buzzfeed videos so yeah you could say it‚Äôs going better than last year.,True,False,False,False,False,False,False,False,False,False,False,False,False,False,False,False,False,False,False,False,False,False,False,False,False,False,False,False,False,False,False,False,False,False,False,False,False,False,False,False,False,False
-0.5,0.5, im sorr y lis omg im just drunk,1.0,@BBCGeek im sorr y lis omg im just drunk,True,False,False,False,False,False,False,False,False,False,False,False,False,False,False,True,True,False,False,False,False,False,False,False,False,False,False,False,False,False,False,False,False,False,False,False,False,False,False,False,False,False
0.0,0.0,Omg say the cringiest things ever when im drunk,0.0,Omg say the cringiest things ever when im drunküò¢üòìüò©,True,False,False,True,False,False,False,False,False,False,False,False,False,False,False,False,False,False,False,False,False,False,False,False,True,False,False,False,False,False,False,False,False,False,False,False,False,False,False,False,False,False
-0.2,0.2,I clearly mustve been drunk at the time,0.69,I clearly must've been drunk at the time,True,False,False,False,False,False,False,False,False,False,False,False,False,False,False,False,False,False,False,False,False,False,False,False,False,False,False,False,False,False,False,False,False,False,False,False,False,False,False,False,False,False
-0.25,0.25,i was drunk last night amp I was lurking through my ex page amp realized how petty I am,0.53,i was drunk last night &amp; I was lurking through my ex page &amp; realized how petty I am,True,False,False,False,False,False,False,False,False,False,False,False,False,False,False,False,False,False,False,False,False,False,False,False,False,False,False,False,False,False,False,False,False,False,False,False,False,False,False,False,False,False
0.25,0.25,I wish I was as out going and funny as I am when Im drunk,1.0,I wish I was as out going and funny as I am when I'm drunküòí,True,False,False,False,False,False,False,False,False,False,False,False,False,False,False,False,False,False,False,False,False,False,False,False,False,False,False,False,False,False,False,False,False,False,False,False,False,False,False,False,False,False
-0.25,0.25,I was I should eat a sub from a convenience store drunk last night,0.53,I was I should eat a sub from a convenience store drunk last night,True,True,False,False,True,False,False,False,False,False,True,False,False,False,False,True,False,False,False,False,True,False,False,False,False,False,False,False,False,False,False,False,False,False,False,False,False,False,False,False,False,False
-0.5,0.5,Its gonna rain today guess I gotta get drunk,1.0,It's gonna rain today guess I gotta get drunk,True,True,False,False,False,False,True,False,False,False,False,False,False,False,False,False,False,False,True,False,False,False,False,False,False,False,False,False,False,False,False,False,False,False,False,False,False,False,False,True,False,False
-0.25,0.25,Getting drunk before trying to do homework was definitely not on the agenda tonight but I guess its happening,0.75,Getting drunk before trying to do homework was definitely not on the agenda tonight but I guess it's happening,True,False,False,False,False,False,False,False,False,False,False,False,False,False,False,False,True,False,False,False,False,False,False,False,False,False,False,False,False,True,False,True,False,False,False,False,False,False,False,False,False,False
-0.78,0.78125,maria im drunk,1.0,maria i'm drunk!!,True,False,False,False,False,False,False,False,False,False,False,False,False,False,False,False,False,False,False,False,False,False,False,False,False,False,False,False,False,False,False,False,False,False,False,False,False,False,False,False,False,False
-0.12,0.11666666699999999, A woman in a bikini trying to seduce a guy she likes shouldnt be taken seriously as a character Wow,0.83,@ExpertPenguin A woman in a bikini trying to seduce a guy she likes shouldn't be taken seriously as a character? Wow.,False,True,False,False,False,False,True,False,False,False,False,False,False,False,False,False,False,False,False,False,False,False,False,False,False,False,False,False,False,False,False,False,False,False,False,False,False,False,False,True,False,False
-0.08,0.083333333, Angela be super drunk this weekend,0.83,@daaaangela Angela be super drunk this weekend.,False,False,False,False,False,False,False,False,False,False,False,False,False,False,True,False,False,False,False,False,False,False,False,False,False,False,False,False,False,True,False,True,False,False,False,True,False,False,False,True,False,False
0.0,0.0,Not to mention Ed Sheeran and Beyonc singing acoustic Drunk in Love and Eddie Vedder and Beyonc singing Redemption Song,0.8,Not to mention Ed Sheeran and Beyonc√© singing acoustic Drunk in Love  and Eddie Vedder and Beyonc√© singing Redemption Song.,False,False,False,False,False,False,False,False,False,False,False,True,False,False,False,False,False,False,False,False,False,False,False,False,False,False,False,False,False,False,False,False,False,False,False,False,False,False,False,False,True,False
-0.5,0.5,I wanna get drunk tonight but when I get drunk I never have a lie in and I rlly also want a lie in,1.0,I wanna get drunk tonight but when I get drunk I never have a lie in and I rlly also want a lie in,False,False,False,False,False,False,False,False,False,False,False,False,False,False,False,False,False,False,False,False,False,False,False,False,False,False,False,False,False,False,False,False,False,False,False,False,False,False,False,False,False,False
-0.24,0.24444444399999998,customer shes also being seriously sold to me in a 60 game about ESPIONAGE tooThe similarities between her and Quiet are uncanny,0.47,@drunk_customer she's also being seriously sold to me in a $60 game about ESPIONAGE  too!The similarities between her and Quiet are uncanny!,False,False,False,False,False,False,False,False,False,False,False,False,False,False,False,False,True,False,False,False,False,False,False,False,False,False,False,False,False,False,False,True,False,False,False,False,False,False,False,False,False,False
-0.45,0.45,I cant fuck with no girl that stay drunk  the bitch aint got no life ,0.8,I can't fuck with no girl that stay drunk . the bitch aint got no life. üò¥,False,False,False,False,False,False,False,False,False,False,False,False,False,False,False,False,False,False,False,False,False,False,False,False,False,False,False,False,False,False,False,False,False,False,False,False,False,False,False,False,False,False
-0.05,0.048333333,ugh why am I so sad  I just want my baby to be happy from what I saw he was insecure and worn out not hahah so funny high and drunk omg,0.9,"ugh why am I so sad üò≠ I just want my baby to be happy. from what I saw he was insecure and worn out  not ""hahah so funny high and drunk omg""",False,False,False,False,False,False,False,False,False,False,False,False,False,False,False,False,False,False,False,False,True,False,False,False,False,True,False,False,False,False,False,False,False,False,False,False,False,False,False,False,False,False
-0.15,0.15,I might have drunk too much tea amwriting,0.6,I might have drunk too much tea #amwriting,False,False,False,False,False,False,False,False,False,True,False,False,False,False,False,False,False,False,True,False,False,False,False,False,False,False,False,False,False,False,False,False,False,False,False,False,False,False,False,True,False,False
-0.5,0.5,Want to get drunk tonight ,1.0,Want to get drunk tonight üòí,False,True,False,False,False,False,False,False,False,False,True,False,True,False,False,False,False,False,True,True,False,True,False,False,False,False,False,False,False,False,False,False,False,False,False,False,False,False,False,False,False,False
-0.35,0.35,  she proved you are a complete idiot with just a selfie LMFAO ,0.6,@BsBumLife @Dekashoko she proved you are a complete idiot with just a selfie. LMFAO. http://t.co/kE2ExiPaSI,False,True,False,False,False,False,False,False,False,False,False,False,False,True,False,False,False,False,False,False,True,False,False,False,False,False,False,False,False,False,False,False,False,False,False,False,False,False,False,False,False,False
-0.17,0.16875, If you want it get it Only you know the answer Unless youre drunk In that case NO Or at least wait until tomorrow ,0.85,@johnnJrGotti If you want it  get it. Only you know the answer. Unless yo're drunk. In that case: NO! Or at least wait until tomorrow ;-),False,False,False,False,False,False,False,False,False,False,False,False,False,False,False,False,False,False,False,False,False,False,False,False,False,False,True,False,False,False,False,False,True,False,False,False,False,False,False,False,False,False
-0.3,0.3,I am no mortal man alcohol has no effect on me  Max Keenan Sept 19Holy fuck I was so drunk last night     Max Keenan Sept 20,0.56,"""I am no mortal man alcohol has no effect on me"" - Max Keenan Sept 19

""Holy fuck I was so drunk last night""    - Max Keenan Sept 20",False,False,False,False,False,False,False,False,False,False,True,False,False,False,False,False,True,False,False,False,False,False,False,False,False,False,False,False,False,False,False,True,False,False,False,False,False,False,False,False,False,False
-0.11,0.107142857,Uber has always seemed like the bestworst idea to me You wont be driving drunk But youll be in a strangers car out of your right mind,0.77,Uber has always seemed like the best/worst idea to me. You won't be driving drunk. But yo'll be in a stranger's car out of your right mind.,False,True,False,False,False,False,False,False,False,False,False,False,False,False,True,False,False,False,False,False,True,False,False,False,False,False,False,False,False,False,False,True,False,False,False,False,False,False,False,False,False,False
-0.5,0.5,Is Luhan really drunk ,1.0,Is Luhan really drunk? üòÇüòÇüòÇüòÇüòÇüòÇüòÇ,False,False,False,False,False,False,False,False,False,False,False,False,False,False,False,False,False,False,False,False,False,False,False,False,False,False,False,False,True,False,False,False,False,False,False,False,False,True,False,False,False,False
-0.5,0.5,   yoongi youre drunk I dont want to fiGHT ME YOU OVERGROWN LUMP OF MUSCLE swing and a miss,1.0,"@bwihob @junghopeu @greasemin ""yoongi  yo're drunk  I don't want to-"" ""fiGHT ME YOU OVERGROWN LUMP OF MUSCLE"" *swing and a miss*",False,False,False,False,False,False,False,False,False,False,False,False,False,True,False,False,False,False,False,False,True,False,False,True,True,False,False,False,False,False,False,False,False,False,False,False,False,False,False,False,False,False
-0.45,0.45,So tired I feel drunk,0.85,So tired I feel drunk,False,False,False,False,False,False,False,False,False,False,False,False,False,False,False,False,False,True,False,False,False,False,True,False,False,True,True,False,False,False,False,False,False,False,True,False,False,False,False,False,True,False
-0.5,0.5,Probably shouldnt get drunk and lose my ID,1.0,Probably shouldn't get drunk and lose my I.D.üòíüòÖ,False,True,True,False,False,False,True,False,False,True,False,False,False,False,False,False,False,False,False,False,False,False,True,False,False,False,False,False,False,False,False,False,False,False,False,False,False,False,False,True,False,False
-0.25,0.25,I come home to my roommate blackout drunk emotionally blasting Britney Spears I have met my match,0.82,I come home to my roommate blackout drunk emotionally blasting Britney Spears. I have met my match.,False,False,False,False,False,False,False,False,False,False,False,False,False,False,False,False,False,False,False,False,False,False,False,False,False,False,False,False,False,False,False,False,False,False,False,False,False,False,False,False,False,False
-0.06,0.0625,leetaylor the more I look at this picture the more drunk I think I look ,0.75,@emma_lee_taylor the more I look at this picture the more drunk I think I look :((,False,True,False,False,False,False,False,False,False,False,False,True,False,False,False,False,False,False,False,False,False,False,True,False,False,False,False,False,False,False,False,False,False,False,False,False,False,False,False,False,False,False
-0.1,0.1,If you aint never got fucked up to the point you didnt want to drink again you aint never been drunk af Lol,0.8,If you ain't never got fucked up to the point you didn't want to drink again you ain't never been drunk af. Lol,False,False,False,False,False,False,False,False,False,False,False,False,False,False,False,True,True,False,False,False,False,False,False,False,False,False,False,False,False,False,False,False,False,False,True,False,False,False,False,False,False,False
-0.18,0.181818182, you were drunk when you said this Because you dont get out of bed to live this ,0.75,@KylerNicotre you were drunk when you said this.... Because you dont get out of bed to live this üòÇüòÇüòÇüòÇüòÇ,False,False,False,False,False,False,False,False,False,False,False,False,False,False,False,False,False,False,False,False,False,False,False,False,False,False,False,False,False,False,False,False,False,False,False,False,False,False,False,False,True,False
0.0,0.0,Sometimes I forget I have a metalcore version of drunk in love on my phone and now I am laughing,0.8,Sometimes I forget I have a metalcore version of drunk in love on my phone and now I am laughing,False,True,False,False,False,False,False,False,False,False,False,False,False,False,True,False,False,False,False,False,False,False,False,False,False,False,False,False,False,False,False,False,False,False,False,False,False,False,False,True,False,False
0.0,0.0,ed and beyonce singing drunk in love acoustic my mother and father have blessed me,0.8,ed and beyonce singing drunk in love acoustic. my mother and father have blessed me.,False,False,False,False,False,False,False,False,False,False,False,False,False,False,False,False,False,False,True,False,False,False,False,False,False,False,False,False,False,False,False,False,False,False,False,False,False,True,False,False,False,False
-0.5,0.5,Go home  youre drunk,1.0,Go home @RealSkipBayless yo're drunk,False,False,False,False,False,False,False,False,False,False,False,False,False,False,True,False,False,False,False,False,False,False,False,False,False,False,False,False,False,False,False,False,False,False,False,True,False,False,False,False,False,False
-0.5,0.5, you get drunk from one beer though,1.0,@KSchrecengost you get drunk from one beer though....,False,True,False,False,False,False,False,False,False,False,False,False,False,False,False,False,False,False,True,False,False,False,False,False,False,False,False,False,False,False,False,False,False,False,True,False,False,False,False,False,False,False
0.01,0.010416667, Haha  Please add I drunk it   Beer,0.77,"@SoGe89 
Haha !! Please add ""I drunk it' !! :) 
*Beer*",False,False,False,False,False,False,False,False,False,False,False,False,False,False,False,False,False,False,False,False,False,False,False,False,False,False,False,False,False,False,False,False,False,False,False,False,False,False,False,False,False,False
-0.5,0.5,i think karens drunk,1.0,i think karen's drunk,False,True,False,False,False,False,False,False,False,False,False,False,False,False,False,True,False,False,False,False,False,False,False,False,False,False,False,False,False,False,False,True,False,False,False,True,False,False,False,False,False,False
-0.25,0.25,Last PopeInDC encounter pre2015 was a drunk guy in papal vestments shouting while careening through traffic on Mass Ave in a shopping cart,0.53,Last #PopeInDC encounter pre-2015 was a drunk guy in papal vestments shouting while careening through traffic on Mass Ave in a shopping cart,False,False,False,False,False,False,False,False,False,False,False,False,False,False,False,False,True,False,False,False,False,False,False,False,False,False,False,False,False,False,False,False,False,False,False,False,False,False,False,False,False,False
0.11,0.109090909,15 days and counting till Im reunited with my best friend    few drunk nights Im thinking  nothing new there ,0.46,15 days and counting till I'm reunited with my best friend üòàüéâüçπüêùüëØ @chl03scott  few drunk nights I'm thinking üòè nothing new there üòõüòõ,False,False,False,False,True,False,False,False,False,False,False,False,False,False,False,False,True,False,False,False,False,False,False,False,False,False,False,False,True,True,False,False,False,False,False,False,True,False,False,False,False,False
0.07,0.06888888900000001,Drunk off love we both feel deep down but too scared to say coz we know how this ends thinking maybe wed be better as friends,0.56,Drunk off love we both feel deep down  but too scared to say coz we know how this ends  thinking maybe we'd be better as friends,False,False,False,False,False,False,False,False,False,False,False,False,False,False,False,False,False,False,False,False,False,False,False,False,False,False,False,False,False,False,False,False,False,False,False,False,False,False,False,False,False,False
-0.45,0.45,  fuck ya,0.8,@moormanparty @drunk fuck. ya.,False,False,False,False,False,False,False,False,False,False,False,False,False,False,False,False,False,False,False,False,False,False,False,False,False,False,False,False,False,False,False,False,False,False,False,False,False,False,False,False,False,False
-0.17,0.166666667, wasnt even drunk really Just got cracked round the head,0.53,@TheRealDanBeale wasn't even drunk really! Just got cracked round the head!,False,False,False,False,False,False,False,False,False,False,False,False,False,False,False,False,False,False,False,False,False,False,False,False,False,False,False,False,False,False,False,False,False,False,False,False,False,False,False,False,False,False
-0.5,0.5,So theres this drunk guy who looks like Harvey Wippleman spewing up all over the pavement,1.0,So there's this drunk guy who looks like Harvey Wippleman spewing up all over the pavement,False,False,False,False,False,False,False,False,False,False,False,False,False,True,False,False,False,False,True,False,False,False,False,False,False,False,False,False,False,False,False,False,False,False,False,False,False,False,False,False,False,False
0.25,0.25,im not drunk ,1.0,im not drunk üòå,False,False,False,False,False,False,False,False,False,False,False,True,False,False,True,True,False,False,False,False,False,False,False,False,False,False,False,False,False,False,False,False,False,False,False,False,False,False,False,False,False,False
-0.65,0.65,   Garroth Out Of Everyone That Could Have Come The Drunk Idiot Comes  Leaves ,0.9,@DALEtehdrunkmes @Aphmau18Aphmau @LordAphmau @__Garroth__ Out Of Everyone That Could Have Come The Drunk Idiot Comes * Leaves *,False,False,False,False,False,False,False,False,False,False,False,False,True,False,False,False,False,False,True,False,False,False,True,False,False,False,False,False,False,False,False,False,False,False,False,False,False,False,False,False,False,False
-0.33,0.325,Bam must be very drunk and have a really big stamina to dancing ,0.55,Bam must be very drunk and have a really big stamina to dancing. üòπ,False,False,False,False,False,False,False,False,False,False,False,False,False,False,False,False,False,False,False,False,False,False,False,False,True,False,False,False,False,False,False,False,False,False,False,False,False,False,False,True,False,False
0.0,0.0,the drunk in love remix by the weeknd is freakin fire,0.8,the drunk in love remix by the weeknd is freakin fire,False,False,False,False,False,False,False,False,False,False,False,False,False,False,False,False,False,False,False,False,False,False,False,False,False,False,False,False,False,True,False,False,False,False,False,False,False,False,False,False,False,False
-0.13,0.125,drunk history is so funny ,1.0,drunk history is so funny üòÇüòÇ,False,True,False,False,False,False,False,False,False,False,False,False,False,False,False,False,False,False,False,False,False,False,False,False,False,False,False,False,False,False,False,False,False,False,False,False,False,False,False,False,False,False
-0.6,0.6,  agghh I want it so bad But 60000 drunk af college kids,0.83,@MasonArther @deadmau5 agghh I want it so bad.... But 60000 drunk af college kids...,False,False,False,False,False,False,False,False,False,False,False,False,False,False,False,False,False,False,False,False,False,False,False,False,False,False,False,False,False,False,False,False,False,False,False,False,False,False,False,False,False,False
0.15,0.15,Popcorn tattooists barbers lollies and many drunk studentsIt can only be Sketchy Im on in 30mins itll be nice to play this stage solo,0.88,Popcorn  tattooists  barbers  lollies and many drunk students.It can only be Sketchy. I'm on in 30mins it'll be nice to play this stage solo,False,False,False,False,False,False,False,False,False,False,False,False,False,False,True,False,False,False,False,False,True,False,False,True,False,False,False,False,False,True,False,True,False,False,False,False,False,False,False,False,False,False
0.0,0.0, I need u to make a run with me at 6,0.0,@LilDrkskin_ I need u to make a run with me at 6,False,False,False,False,False,False,False,False,False,False,False,False,False,False,False,False,False,False,False,False,False,False,False,False,False,False,False,False,False,False,False,False,False,False,False,False,False,False,False,False,False,False
-0.42,0.41666666700000005, Seriously is she drunk Off her rocker Or just a hateful bigot,0.83,@TheRickWilson Seriously  is she drunk? Off her rocker? Or just a hateful bigot?,False,True,False,False,True,False,False,False,False,False,True,False,False,False,False,True,False,False,True,False,False,False,True,False,False,False,True,False,False,True,False,False,False,False,False,False,False,False,False,False,False,False
0.0,0.0,Drunk in love,0.8,Drunk in love,False,False,False,False,False,False,False,False,False,False,False,False,False,False,True,False,False,False,False,False,False,False,False,False,False,False,False,False,False,False,False,False,False,False,False,False,False,False,False,False,False,False
0.03,0.027272727000000004, Lmao we keep fucking up this drunk snacking thing in new and creative ways,0.85,@ShawnWelch2 Lmao we keep fucking up this drunk snacking thing in new and creative ways,False,False,False,False,False,False,False,False,False,False,False,False,False,False,True,False,False,False,False,False,False,False,False,False,False,False,False,False,False,False,False,False,False,False,False,False,False,False,False,True,False,False
-0.13,0.133333333,I love when my pandora starts playing in class and says get drunk and fuck,0.73,"I love when my pandora starts playing in class and says ""get drunk and fuck""",False,False,False,False,False,False,False,False,False,False,False,False,False,True,False,False,False,False,False,False,False,False,False,False,False,False,False,False,False,True,False,False,False,False,False,False,False,False,False,False,False,False
-0.23,0.225,Reggienet is the equivalent of the drunk girl with the birthday sash on shes barely functioning and needs help with every step,0.55,Reggienet is the equivalent of the drunk girl with the birthday sash on  she's barely functioning and needs help with every step,False,False,False,False,False,False,False,False,False,False,False,False,False,False,False,False,False,False,False,False,False,False,False,False,False,False,False,False,False,False,False,False,False,True,False,False,False,False,False,False,False,False
0.3,0.3,this is nice get drunk at happy hour weather,1.0,this is nice get drunk at happy hour weather,False,False,False,False,False,False,True,False,False,False,False,False,False,False,False,True,False,False,False,False,False,False,False,False,False,False,False,False,False,False,True,False,False,False,False,False,False,False,False,False,False,False
-0.13,0.125, oy bam youre not drunk get drunk ardy,1.0,@drxcloud oy bam yo're not drunk? /get drunk ardy/,False,False,False,False,False,False,False,False,False,False,False,False,False,False,False,False,False,False,False,False,False,False,False,False,False,False,False,False,False,False,False,False,False,False,False,False,False,False,False,False,False,False
-0.5,0.5,is xingie drunk lmfao,1.0,is xingie drunk lmfao,False,True,False,False,True,False,False,False,False,False,False,False,True,False,False,False,True,False,False,False,False,False,False,False,False,False,False,False,False,True,False,True,False,False,False,False,False,False,False,True,False,False
-0.5,0.5,I just wanna drunk die,1.0,I just wanna drunk die,False,True,False,False,False,False,True,True,False,True,False,False,False,False,False,False,True,False,True,False,False,False,False,False,False,False,False,False,False,False,False,False,False,False,False,False,False,False,False,False,False,False
-0.5,0.5,Did you hear the one about me being a drunk,1.0,Did you hear the one about me being a drunk?,False,False,False,False,False,False,False,False,False,False,False,False,False,False,False,False,False,False,True,False,True,False,False,False,False,False,False,False,False,False,False,False,False,False,False,False,False,False,False,False,False,False
-0.5,0.5,Patron dont even get me drunk,1.0,Patron don't even get me drunk,False,False,False,False,False,False,False,False,False,False,False,False,False,False,False,False,True,False,False,False,False,False,False,False,False,False,False,False,True,False,False,True,False,False,False,True,False,False,False,True,True,False
0.07,0.06875,And the only accurate part of your tweet was hes a drunk who doesnt know who I am Youre not disappointed You dont know me ,0.85,"And the only accurate part of your tweet was hes a drunk who doesn't know who I am. Yo're not ""disappointed."" You don't know me. @PX99T",False,False,False,False,False,False,False,False,False,False,True,False,False,False,False,False,False,False,False,False,False,False,False,False,False,False,False,False,False,False,False,False,False,False,False,False,False,False,False,False,True,False
-0.43,0.425,Stephen was drunk as fuck and said HOOOOOKAY Im like  Am I back in Hawaii u fucking idiot,0.6,Stephen was drunk as fuck and said HOOOOOKAY I'm like .... Am I back in Hawaii u fucking idiot,False,False,False,False,False,False,False,False,False,False,False,False,False,False,False,False,False,False,True,False,False,False,True,False,False,True,False,False,True,False,False,False,False,False,True,False,False,True,False,False,False,False
-0.5,0.5,So Ill be drunk texting you,1.0,So I'll be drunk texting youüò±üòõ,False,False,False,False,False,False,False,False,False,False,False,False,False,False,False,False,False,False,False,False,False,False,False,False,False,False,False,False,False,False,False,True,False,False,False,False,False,False,False,False,True,False
-0.5,0.5, gone have ur ass so drunk,1.0,@pacmantiggy21 gone have ur ass so drunk,False,True,False,False,False,False,False,False,False,False,False,False,False,False,False,False,False,False,False,False,False,False,False,False,False,False,False,False,False,False,False,False,False,False,False,False,True,False,False,False,False,False
-0.5,0.5,kinda wanna get drunk,1.0,kinda wanna get drunk,False,False,False,False,False,False,False,False,False,False,False,False,False,False,False,False,False,False,False,False,False,False,False,False,False,False,False,False,False,False,False,False,False,False,False,False,False,False,False,False,False,False
0.25,0.25,Drunk Texting would be perfect for Rih,1.0,Drunk Texting would be perfect for Rih.,False,False,False,False,False,False,False,False,False,False,False,False,True,False,False,False,False,False,False,False,False,False,False,False,False,False,False,False,False,False,False,False,False,False,False,False,False,False,False,False,False,False
-0.5,0.5, get drunk for me,1.0,@susiewithaz get drunk for me,False,False,False,False,False,False,False,False,False,False,False,False,False,False,False,False,False,False,False,False,False,False,False,False,False,False,False,False,False,False,False,False,False,False,False,False,False,False,True,True,False,False
-0.4,0.4,I was in a bus for like 4 hours and the only thing I realized was how sad I am and that I need a drink I fucking need to get drunk,0.95,I was in a bus for like  4 hours  and the only thing I realized was how sad I am and that I need a drink. I fucking need to get drunk.,False,False,False,False,False,False,False,False,False,False,False,False,False,False,False,False,True,False,False,False,False,False,False,False,False,False,False,False,False,False,False,False,False,False,False,False,False,False,False,False,False,False
-0.5,0.5,Lmfao this girl came to class drunk  talking about lets skip class to get chili cheese fries ,1.0,Lmfao this girl came to class drunk üíÄüíÄüíÄ talking about let's skip class to get chili cheese fries üòÇüòÇüòÇüòÇüòÇüòÇ,False,False,False,False,False,False,False,False,True,False,False,False,False,True,False,False,False,False,False,False,False,False,False,False,False,False,False,False,False,False,False,False,False,False,False,False,False,False,False,False,False,False
-0.5,0.5,I wanna get drunk tonight tomorrow amp the day after that,1.0,I wanna get drunk  tonight  tomorrow &amp; the day after that,False,False,False,False,False,False,False,False,False,False,False,False,False,False,False,False,False,False,False,False,False,False,False,False,False,False,False,False,False,False,False,False,False,False,False,True,False,False,False,False,False,False
-0.5,0.5,ca wait to be drunk wi ma girls on fri   and chels ,1.0,ca wait to be drunk wi ma girls on fri @natalieegan1 @AprilLavelle93 and chels üëØüç∏üíú,False,False,True,False,False,False,False,False,False,True,False,False,False,False,False,False,False,False,False,False,False,False,False,False,False,False,False,False,False,False,False,False,False,False,False,False,False,False,False,False,False,False
-0.5,0.5,Car96 no Im getting drunk ,1.0,@Hannah_Car96 no I'm getting drunk üòÇüòÇüòÇ,False,False,False,False,False,False,False,False,False,False,False,False,False,False,False,False,False,False,False,False,False,False,False,False,False,False,False,False,False,False,False,False,False,False,False,False,False,False,False,False,False,False
-0.5,0.5,Fetching my drunk dad MidnightDuties ,1.0,Fetching my drunk dad #MidnightDuties http://t.co/oK9mDLNfPM,False,True,False,False,False,False,False,False,False,False,False,False,False,False,False,False,False,False,False,False,False,False,False,False,False,False,False,False,False,False,False,True,False,False,False,False,False,False,False,False,False,False
0.15,0.15,lol Luhan are u drunk ,0.85,lol Luhan are u drunk http://t.co/nLeicUuM6x,False,False,False,False,True,False,False,False,False,False,False,False,False,False,False,False,False,False,False,False,False,False,False,False,False,False,False,False,True,False,False,False,False,False,False,False,False,False,False,False,False,False
0.07,0.066666667,But I dont think getting drunk with my colleagues on the second day of work is wise ,0.63,But I don't think getting drunk with my colleagues on the second day of work is wise üòÇ,False,False,False,False,False,False,False,False,False,False,False,False,False,False,False,False,False,False,False,False,False,False,False,False,False,False,False,False,False,False,False,False,False,False,False,False,False,False,False,False,False,False
0.07,0.066666667, Sure thing my friend Need help getting to your room I dont want you crashing with how drunk you are haha,0.73,"@MasterEvaDantes ""Sure thing  my friend. Need help getting to your room? I don't want you crashing with how drunk you are  haha.""",False,False,False,False,False,False,False,False,False,False,False,False,False,False,False,False,False,False,False,False,False,False,False,False,False,False,False,False,False,False,False,False,False,False,False,False,False,False,False,False,False,False
-0.5,0.5, r u drunk m8,1.0,@Bradzzy r u drunk m8,False,False,False,False,False,False,False,False,False,False,False,False,False,False,False,False,False,False,False,False,False,False,False,False,False,False,False,False,False,False,False,False,False,False,True,False,False,False,False,False,False,False
0.15,0.15,Lol she said Can I just plead DRUNK worldsdumbest,0.85,"Lol she said ""Can I just plead DRUNK"" #worldsdumbest",False,False,False,False,False,False,False,False,False,False,False,False,False,False,False,False,False,False,False,False,False,False,False,False,False,False,False,False,False,False,False,False,False,False,False,False,False,False,False,False,False,False
-0.5,0.5,My neighbour Do you drink every nightMe Oh no sometimes Im drunk by noon,1.0,"My neighbour: Do you drink every night?

Me: Oh no  sometimes I'm drunk by noon.",False,False,True,False,False,False,False,False,False,False,False,True,False,False,False,False,False,False,False,False,False,False,False,False,False,True,False,False,False,False,False,False,False,False,False,False,False,False,False,False,False,False
-0.25,0.25,am I on the bed it thought I was on the couch this entire time drunk carly,0.81,"""am I on the bed?? it thought I was on the couch this entire time"" -drunk carly",False,False,False,False,False,False,False,False,False,False,False,False,False,False,False,False,False,False,False,False,False,False,False,False,False,False,False,False,False,False,False,False,False,False,False,False,False,False,False,False,False,False
-0.5,0.5,Call yo friends lets get drunk,1.0,Call yo friends lets get drunk,False,False,False,False,False,False,True,False,True,False,False,False,False,False,False,False,False,False,True,False,False,False,False,False,False,False,False,False,False,False,False,True,False,False,False,False,False,False,False,False,False,False
-0.5,0.5,People always ask if Im drunk when Im texting but its just my acrylics ,1.0,People always ask if I'm drunk when I'm texting but it's just my acrylics üò´,False,False,False,False,False,False,False,False,False,False,False,False,False,False,False,False,False,False,False,False,False,False,False,False,False,False,False,False,False,False,False,False,False,False,False,False,False,False,False,False,False,False
-0.2,0.2, briella Scream Queens hahaha i took the chance to mess up with the fandom a bit a lil drunk on tea here and yes MULAN,0.53,@judaviss @gay_briella Scream Queens hahaha... i took the chance to mess up with the fandom a bit.. (a lil drunk on tea here) and yes MULAN!,False,False,False,False,False,False,False,False,False,True,False,False,False,False,False,False,False,False,True,False,False,False,True,False,False,True,False,False,False,False,False,True,False,False,False,False,False,False,False,True,False,False
-0.2,0.2,Writing is easier drunk but you NEED to revise it sober,0.6,Writing is easier drunk  but you NEED to revise it sober,False,False,False,False,False,False,True,False,False,False,False,False,False,False,True,False,False,False,False,False,True,False,True,False,True,False,False,False,False,False,True,False,False,False,False,False,False,False,False,False,False,False
-0.15,0.15,I understand why people do drugs or get drunk after a break up Who wants to feel their heart breaking merightnow,0.55,I understand why people do drugs or get drunk after a break up. Who wants to feel their heart breaking? #merightnow,False,False,False,False,False,False,False,False,False,False,False,False,False,False,False,False,False,False,False,False,False,False,False,False,False,False,False,False,False,False,False,False,False,False,False,False,False,False,False,False,False,False
-0.5,0.5,Dont get drunk at family events  ,1.0,Don't get drunk at family events üíÜüèºüî™ http://t.co/H2NHO3MnX0,False,False,False,False,False,False,False,True,False,False,False,False,False,False,False,False,False,False,False,False,False,False,False,False,False,True,True,False,False,False,False,False,False,False,False,False,False,True,False,True,True,False
-0.5,0.5, I never knew anyone else drunk that,1.0,@Elliemegansmith I never knew anyone else drunk thatüòÇ,False,False,False,False,False,False,False,False,False,False,False,False,False,False,False,False,False,False,False,False,False,False,False,False,False,False,False,False,False,False,False,False,False,False,False,False,False,False,False,False,False,False
-0.25,0.25,Sis still in the bed passed out  she was way drunk last night,0.53,Sis still in the bed passed out üò©üòÇ she was way drunk last night,False,True,False,False,False,False,False,False,False,False,False,False,False,False,False,False,False,False,False,False,False,False,False,False,False,False,False,False,False,False,False,False,False,False,False,False,False,False,False,False,False,False
-0.23,0.233333333,Youre always drunk when I see you about hahaha oh for fuck sake,0.67,"""Yo're always drunk when I see you about"" hahaha oh for fuck sake",False,True,False,False,False,False,True,False,False,False,True,False,False,False,False,False,True,False,False,False,False,False,False,False,False,False,False,False,False,False,False,False,False,False,False,False,False,False,False,True,False,False
-0.5,0.5,Were seeing all over the world that there is a decline in drunk driving because of   David Plouffe CDNpoli,1.0,"""We're seeing all over the world that there is a decline in drunk driving because of @Uber."" - David Plouffe #CDNpoli",False,False,False,False,False,False,False,False,False,False,False,True,False,True,False,False,False,False,False,False,False,False,True,False,False,False,False,False,False,False,False,False,False,False,True,False,False,False,False,False,False,False
-0.25,0.25,  I will even get us a hotel and u and kieren can go back and get drunk in it if u dont get in  I do it 4u,0.5,@charlottecrowt2 @kandrewkennedy I will even get us a hotel and u and kieren can go back and get drunk in it if u don't get in üòì I do it 4u,False,True,False,False,False,False,False,False,False,False,False,False,False,False,False,False,False,False,False,False,True,False,False,False,False,False,False,False,False,False,False,False,False,False,False,False,False,False,False,True,False,True
-0.06,0.06031746,Is it socially acceptable to go get drunk right now,0.53,Is it socially acceptable to go get drunk right now?,False,False,False,False,False,False,False,False,False,False,False,False,False,False,False,False,False,False,False,False,False,False,False,False,False,True,False,False,False,False,False,False,False,False,False,False,False,False,False,False,False,False
-0.2,0.204166667,Cucumber sisters What does it mean It means weve drunk too much punch probably,0.63,Cucumber sisters. What does it mean? It means we've drunk too much punch  probably.,False,False,False,False,False,False,False,False,False,False,False,False,False,False,False,False,False,False,False,False,False,False,False,False,False,False,False,False,False,False,False,False,False,False,False,False,False,False,False,False,False,False
-0.5,0.5,Man I heard she is a drunk keekeeing ,1.0,Man I heard she is a drunk keekeeing üòÇ,False,True,False,False,False,False,False,False,False,False,False,False,False,False,True,False,False,False,False,False,False,False,False,False,False,False,False,False,False,False,False,False,False,False,False,False,False,False,False,True,False,False
0.19,0.1875, youre the best drunk,0.65,@alicemolloy yo're the best drunk!,False,False,False,False,False,False,False,False,False,False,False,False,False,False,False,False,True,False,False,False,False,False,False,False,False,False,False,False,False,False,False,False,False,False,True,False,False,False,False,False,False,False
-0.25,0.25, no sir I am currently in a lecture  I wish I was drunk,0.7,@Charliehawco no sir I am currently in a lecture üòú I wish I was drunk,False,False,False,False,False,False,True,False,False,False,False,False,False,False,False,False,False,False,False,False,False,False,False,False,False,False,False,False,False,False,False,False,False,False,False,False,False,False,False,True,False,False
0.15,0.15, u had to be drunk lol,0.85,@KingSwaray u had to be drunk lol,False,False,False,False,False,False,False,False,False,False,False,False,False,False,False,False,False,False,True,False,False,False,False,False,False,False,False,False,False,False,False,False,False,False,False,False,False,False,False,False,False,False
-0.25,0.25,When we dont want to stop working and pray we are drunk with American productivity Piper,0.5,"‚ÄúWhen we don‚Äôt want to stop working and pray  we are drunk with American productivity.‚Äù
- Piper",False,False,False,False,False,False,False,False,False,False,True,False,False,False,False,False,False,False,False,False,True,False,False,False,False,False,False,False,False,False,False,False,False,False,False,False,True,False,False,False,True,False
-0.5,0.5,  to drunk again  ,1.0,@NiallOfficial @kindlovelyniall to drunk again ??? üçª,False,True,False,False,True,False,False,False,False,False,False,False,False,False,False,False,False,False,False,False,False,False,False,False,False,False,False,False,False,False,False,False,False,False,False,False,False,False,False,True,False,False
0.08,0.08,mariana you totally couldve My sister wouldve been confused but she was drunk so shed be okay with it lol,0.73,@coronel_mariana you totally could've! My sister would've been confused but she was drunk so she'd be okay with it lol,False,False,False,False,False,False,False,False,False,False,False,False,False,False,False,False,False,False,False,False,False,False,False,False,False,False,False,False,False,False,False,False,False,False,False,False,False,False,False,False,False,False
-0.5,0.5,Uh oh shes drunk,1.0,Uh oh she's drunk,False,True,False,False,False,False,True,False,False,False,False,False,False,False,False,False,False,False,False,False,False,False,False,False,False,True,False,False,False,False,True,True,False,False,False,False,False,False,False,False,False,False
0.0,0.0, okay just wanted to prevent you from drunk driving,0.75,@Ceeeline13 okay  just wanted to prevent you from drunk driving,False,False,False,False,False,False,False,False,True,False,True,False,False,False,False,False,True,False,True,False,False,False,True,False,False,False,False,False,False,True,False,True,False,False,False,False,False,False,False,False,False,False
-0.5,0.5,whos the fuckin drunk bitch,1.0,who's the fuckin drunk bitch?,False,False,False,False,False,False,False,False,False,False,False,False,False,False,False,False,False,False,False,False,False,False,False,False,True,False,False,False,False,False,False,False,False,False,False,False,False,False,False,False,False,False
0.5,0.5,LionDUDE JEFF Gangsta2  ooohhh interesting ltult mhm mhm silents eating popcorn,0.5,@_LionDUDE_ @PsyCHo_JEFF @drunk_Gangsta2 @creepypastalov9 ooohhh interesting &lt;u&lt; mhm mhm ....*silents eating popcorn*,False,False,False,False,False,False,False,False,False,False,False,False,False,False,False,False,True,False,False,False,False,True,False,False,False,False,False,False,False,False,False,False,False,False,False,False,False,False,False,False,True,False
-0.3,0.3,The Cleveland Browns are drunk Why the fuck would you put McCown back when Johnny is impressing,0.53,The Cleveland Browns are drunk. Why the fuck would you put McCown back when Johnny is impressing,False,True,False,False,False,False,False,False,False,False,False,False,True,False,False,False,False,False,False,False,False,False,False,False,False,False,False,False,False,False,False,False,False,False,False,False,False,False,False,False,False,False
-0.5,0.5,Shorty drunk,1.0,Shorty drunk,False,False,False,False,False,False,False,False,False,False,False,False,False,False,False,False,False,False,False,False,False,False,False,False,False,False,False,False,False,False,False,False,False,False,False,False,False,False,False,False,True,False
-0.5,0.5,Cant wait for it to be acceptable to be drunk all the time,1.0,Can't wait for it to be acceptable to be drunk all the time,False,False,False,False,False,False,False,False,False,False,False,False,False,False,False,False,False,False,False,False,False,False,False,False,False,False,False,False,False,False,False,False,False,False,False,False,False,False,False,False,False,False
-0.5,0.5, and so just we Were you drunk on pastry,1.0,@KieranThomsett and so just we? Were you drunk on pastry?,False,False,True,False,False,False,False,False,False,False,False,False,True,False,False,False,False,False,True,False,False,False,True,False,False,False,False,False,False,False,False,False,False,False,False,False,False,False,False,True,False,True
-0.5,0.5,Get up Get drunk,1.0,Get up  Get drunk,False,False,False,False,False,False,False,False,False,False,False,False,False,False,False,False,False,False,False,False,False,False,False,False,False,False,False,False,False,False,False,False,False,False,False,False,False,False,False,False,False,False
-0.42,0.41666666700000005,Some drunk people are just ridiculous,1.0,Some drunk people are just ridiculous,False,False,False,False,False,False,False,False,False,False,False,False,False,False,False,False,True,False,True,False,False,False,False,False,False,False,False,False,False,False,False,False,False,False,False,False,False,False,False,False,False,False
-0.5,0.5, If you dont like drunk driving then dont drunk drive,1.0,@RyanCullen90 If you don't like drunk driving  then don't drunk drive.,False,False,False,False,False,False,False,False,False,False,False,False,False,False,False,False,False,False,True,False,True,False,False,False,False,True,False,False,True,False,False,True,False,False,False,False,False,False,False,False,True,False
-0.5,0.5,When bhangampbusaa was smoked and drunk openely in Cords rallyWhat an image of Cord principals was at play,1.0,When bhang&amp;busaa was smoked and drunk openely in Cord's rally What an image of Cord principals was at play?,False,False,False,False,False,False,False,False,False,False,False,False,False,False,False,False,True,False,False,False,False,False,False,False,False,False,False,False,False,False,False,True,False,False,False,True,False,False,False,True,False,False
-0.5,0.5,Yo ahh drunk,1.0,Yo ahh drunk,False,False,False,False,False,False,False,False,False,False,False,False,False,False,False,False,False,False,False,False,False,False,False,False,False,False,False,False,False,False,False,False,False,False,False,False,False,False,False,False,False,False
-0.17,0.17,This nigga e talkin bout some remember when i was high n drunk n couldnt walk,0.77,"This nigga e talkin bout some 
""remember when i was high n drunk n couldnt walk""üò´üòÇ",False,False,False,False,False,False,False,False,False,False,False,False,False,False,False,False,False,False,False,False,False,False,False,False,True,False,False,False,False,False,False,False,False,False,True,False,False,False,False,True,False,False
-0.98,0.9765625,   You dont even need to get him drunk Just ask him It works for the people in twitch chat,1.0,@SileNtCSGO @Sadokist @ohItsLuca You dont even need to get him drunk! Just ask him! It works for the people in twitch chat!,False,False,False,False,False,False,False,False,False,False,False,False,False,False,False,False,False,False,False,False,False,False,False,False,False,False,False,False,False,False,False,False,False,False,False,False,False,False,False,True,False,False
0.05,0.05,Do you ever think about all of the really nice drunk girls youve met in the bathrooms and wonder how they are doing I miss you all ,1.0,Do you ever think about all of the really nice drunk girls yo've met in the bathrooms and wonder how they are doing? I miss you all. üòÇüíïüç∫,False,False,False,False,False,False,False,False,False,False,False,False,False,False,False,False,False,False,False,False,False,False,False,False,False,True,False,False,False,False,False,False,False,False,False,False,False,False,False,False,True,False
0.25,0.25,ok i havent been that drunkthis hungover since my 21st birthday,0.25,ok i haven't been that drunk/this hungover since my 21st birthday,False,True,False,False,False,False,False,False,False,False,True,False,False,False,False,False,False,False,True,False,False,False,False,False,False,False,False,False,False,False,False,False,False,False,False,True,False,False,False,False,False,False
-0.5,0.5, Trying to find Jeff The Drunk on Periscopedo you know the correct screen name to search for ,1.0,@jdharm Trying to find Jeff The Drunk on Periscope....do you know the correct screen name to search for ?,False,True,False,False,False,False,False,False,False,False,False,False,False,False,False,False,False,False,False,False,True,False,False,False,False,False,False,False,False,False,False,True,False,False,False,False,False,False,False,False,False,False
-0.25,0.25,But he never could get drunk enough to get her off his mind,0.75,But he never could get drunk enough to get her off his mind,False,True,False,False,False,False,False,False,False,False,False,False,False,False,True,False,False,False,False,False,False,False,False,False,False,False,False,False,False,False,False,False,False,False,False,False,False,False,False,True,False,False
0.21,0.208333333, You crazies have fun Dont get too drunk p,0.73,@rikerR5 You crazies have fun! Don't get too drunk :p,False,True,False,False,True,False,False,False,True,False,False,False,False,False,False,True,False,False,False,False,False,False,False,False,False,False,False,False,False,False,False,False,False,False,False,False,False,False,False,True,False,False
-0.5,0.5,Drunk texts fml ,1.0,Drunk texts fmlüò≠üò©üò©üò©üò≠üò≠ http://t.co/oP6WCxO5bN,False,True,False,False,False,False,False,False,False,False,False,False,False,False,False,False,False,False,False,False,False,False,False,False,False,False,False,False,False,False,False,False,False,False,False,False,False,False,False,True,False,False
-0.49,0.48666666700000005, that was a very bad time for me I remember you drunk stumbling around in your monkey onesie,0.62,@Yournameistyler that was a very bad time for me. I remember you drunk stumbling around in your monkey onesie.,False,True,False,False,False,False,False,False,False,False,False,False,False,False,False,False,False,False,False,False,False,False,False,False,False,False,False,False,False,False,False,False,False,False,False,False,False,False,False,False,False,False
-0.5,0.5,Hes drunk today  ,1.0,He's drunk today  http://t.co/Yi52YvKi1A,False,False,False,False,False,False,False,False,False,False,False,True,True,False,False,False,False,False,False,False,False,False,False,False,False,False,False,False,False,False,False,True,True,False,True,False,False,False,False,False,False,False
-0.25,0.25,judging by the way I type you might think Im always drunkyou may not be entirely incorrect,0.81,"judging by the way I type you might think I'm always drunk

you may not be entirely incorrect",False,False,False,False,False,False,False,False,False,False,False,False,False,False,False,False,False,True,False,False,False,False,False,False,False,False,False,False,False,False,False,True,False,False,False,False,False,False,False,False,False,False
-0.5,0.5,Rep Roadkill Steve Sarkisian  always being judged Dont get drunk amp rant  theres always a video cameraphone  DSDET15,1.0,Rep Roadkill: Steve Sarkisian - always being judged. Don't get drunk &amp; rant - there's always a video camera/phone. @AndyBeal #DSDET15,False,False,False,False,False,False,False,False,False,False,False,False,False,False,False,False,False,False,False,False,False,False,False,False,False,False,False,False,False,False,False,False,False,False,False,False,False,False,False,True,False,True
-0.23,0.233333333,My 21st birthday is probably going to be me drunk crying in a chilis bathroom then getting an impulse I want to believe tramp stamp,0.53,"My 21st birthday is probably going to be me drunk crying in a chili's bathroom then getting an impulse ""I want to believe"" tramp stamp",False,True,False,False,False,False,False,False,False,False,True,False,False,False,False,False,False,False,True,False,False,False,False,True,False,False,False,False,False,False,False,False,False,False,False,False,False,False,False,False,False,False
-0.23,0.225,I have just had to check that Lucy has not wet herself why is she so drunk,0.7,I have just had to check that Lucy has not wet herself why is she so drunk,False,False,False,False,False,False,False,False,False,False,False,True,False,False,False,False,True,False,False,False,False,False,False,False,False,False,False,False,False,False,False,False,False,False,False,False,False,False,False,False,False,False
